"","district","A15-19","A20-24","A25-29","A30-34","A35-39","A40-44","A45-49","bemba","english","kaonde","lozi","lunda","luvale","nyanja","other_lang","tonga","no_electricity","yes_electricity","no_cell","yes_cell","catholic","muslim","other_rel","protestant","conn_sewage","unconn_sewage","no_internet","yes_internet"
"1","Chadiza",0.251481237656353,0.195523370638578,0.162606978275181,0.138907175773535,0.10533245556287,0.0776826859776168,0.0684660961158657,0.00526662277814352,0.0032916392363397,0,0.00131665569453588,0,0,0.098090849242923,0.89137590520079,0.000658327847267939,0.866359447004608,0.133640552995392,0.645161290322581,0.354838709677419,0.328505595786702,0.000658327847267939,0.113890717577354,0.556945358788677,0.011191573403555,0.988808426596445,0.988808426596445,0.011191573403555
"2","Chama",0.231861804222649,0.193857965451056,0.181573896353167,0.143570057581574,0.112859884836852,0.0740882917466411,0.0621880998080614,0.0506717850287908,0,0,0,0,0,0.0119001919385797,0.93742802303263,0,0.942034548944338,0.0579654510556622,0.771976967370441,0.228023032629559,0.152015355086372,0.00191938579654511,0.072936660268714,0.773128598848368,0.00268714011516315,0.997312859884837,0.993857965451056,0.00614203454894434
"3","Chasefu",0.245810055865922,0.206703910614525,0.167597765363128,0.123836126629423,0.10707635009311,0.0837988826815642,0.0651769087523277,0,0,0,0,0,0,0.0251396648044693,0.974860335195531,0,0.918994413407821,0.0810055865921788,0.681564245810056,0.318435754189944,0.195530726256983,0.0121042830540037,0.101489757914339,0.690875232774674,0.00279329608938547,0.997206703910615,1,0
"4","Chavuma",0.246867167919799,0.18796992481203,0.195488721804511,0.132832080200501,0.0952380952380952,0.075187969924812,0.0664160401002506,0.0037593984962406,0,0.0012531328320802,0.0012531328320802,0.0225563909774436,0.926065162907268,0.0050125313283208,0.0401002506265664,0,0.848370927318296,0.151629072681704,0.704260651629073,0.295739348370927,0.0952380952380952,0,0.0864661654135338,0.818295739348371,0.0025062656641604,0.99749373433584,0.996240601503759,0.0037593984962406
"5","Chembe",0.261253309796999,0.203883495145631,0.170344218887908,0.119152691968226,0.100617828773169,0.0741394527802295,0.0706090026478376,0.567519858781995,0.00088261253309797,0,0,0.00088261253309797,0,0.00088261253309797,0.428949691085613,0.00088261253309797,0.864077669902913,0.135922330097087,0.502206531332745,0.497793468667255,0.233892321270962,0,0.102383053839365,0.663724624889673,0.0185348631950574,0.981465136804943,0.997352162400706,0.00264783759929391
"6","Chibombo",0.255185333868594,0.207547169811321,0.174093402917168,0.137294259333601,0.102769971898836,0.0666399036531513,0.056469958517329,0.169543690619564,0.0275659039207815,0.00173959587849592,0.00869797939247959,0.00133815067576609,0.0014719657433427,0.327579285427539,0.288103840492439,0.173959587849592,0.639100762745885,0.360899237254115,0.240198046300013,0.759801953699987,0.144520272982738,0.00428208216245149,0.0873812391275258,0.763816405727285,0.0935367322360498,0.90646326776395,0.980730630268968,0.0192693697310317
"7","Chiengi",0.218283582089552,0.198880597014925,0.204850746268657,0.129850746268657,0.108208955223881,0.0779850746268657,0.0619402985074627,0.741044776119403,0,0,0,0.000373134328358209,0,0,0.258582089552239,0,0.965298507462687,0.0347014925373134,0.692910447761194,0.307089552238806,0.165298507462687,0.00261194029850746,0.195149253731343,0.636940298507463,0.00223880597014925,0.997761194029851,0.999253731343284,0.000746268656716418
"8","Chifunabuli",0.24980959634425,0.186595582635187,0.174409748667174,0.126428027418126,0.114242193450114,0.0814927646610815,0.067022086824067,0.405940594059406,0,0,0,0,0,0,0.594059405940594,0,0.936785986290937,0.0632140137090632,0.748667174409749,0.251332825590251,0.443259710586443,0,0.0548362528560548,0.501904036557502,0.000761614623000762,0.999238385376999,0.999238385376999,0.000761614623000762
"9","Chikankanta",0.259401709401709,0.211111111111111,0.184188034188034,0.127777777777778,0.104700854700855,0.0628205128205128,0.05,0.0397435897435897,0.00854700854700855,0,0.0286324786324786,0.000427350427350427,0.00128205128205128,0.0820512820512821,0.0820512820512821,0.757264957264957,0.723931623931624,0.276068376068376,0.349145299145299,0.650854700854701,0.105128205128205,0.000427350427350427,0.0653846153846154,0.829059829059829,0.0978632478632479,0.902136752136752,0.995299145299145,0.0047008547008547
"10","Chilanga",0.250475586556753,0.211160431198478,0.17564996829423,0.135066582117945,0.107799619530755,0.0608750792644261,0.0589727330374128,0.125554850982879,0.0437539632213063,0.00126823081800888,0.015852885225111,0.000634115409004439,0.00126823081800888,0.549143944197844,0.138237159162968,0.12428662016487,0.504121750158529,0.495878249841471,0.186429930247305,0.813570069752695,0.161699429296132,0.00190234622701332,0.0811667723525682,0.755231452124287,0.176284083703234,0.823715916296766,0.972733037412809,0.0272669625871909
"11","Chililabombwe",0.266998341625207,0.204643449419569,0.18407960199005,0.124709784411277,0.0915422885572139,0.0656716417910448,0.0623548922056385,0.885572139303483,0.00895522388059702,0.00530679933665008,0.00298507462686567,0.00696517412935323,0.00398009950248756,0.00696517412935323,0.0786069651741294,0.00066334991708126,0.34195688225539,0.65804311774461,0.17379767827529,0.82620232172471,0.183084577114428,0.00066334991708126,0.0769485903814262,0.739303482587065,0.67893864013267,0.32106135986733,0.971475953565506,0.0285240464344942
"12","Chilubi",0.243228302929795,0.181868435599779,0.185737976782753,0.122719734660033,0.122166943062465,0.0834715312327253,0.0608070757324489,0.19126589275843,0.000552791597567717,0,0,0,0,0.000552791597567717,0.807628524046434,0,0.943062465450525,0.0569375345494748,0.774461028192372,0.225538971807629,0.568269762299613,0,0.066334991708126,0.365395245992261,0.00276395798783858,0.997236042012161,0.998894416804865,0.00110558319513543
"13","Chingola",0.26075841499787,0.198551342138901,0.18086919471666,0.133361738389433,0.0986365573072007,0.0690242863229655,0.0587984661269706,0.885598636557307,0.015977844056242,0.0144865786109928,0.00234341712824883,0.010012782275245,0.00383468257349808,0.0034086067319983,0.0617809970174691,0.00255645504899872,0.404985087345548,0.595014912654452,0.152109075415424,0.847890924584576,0.187686408180656,0.00255645504899872,0.057946314443971,0.751810822326374,0.589475926714955,0.410524073285045,0.972731146144014,0.0272688538559864
"14","Chinsali",0.253228120516499,0.1987087517934,0.169296987087518,0.125538020086083,0.10545193687231,0.0817790530846485,0.0659971305595409,0.828550932568149,0,0,0,0,0,0,0.171449067431851,0,0.917503586800574,0.0824964131994261,0.655667144906743,0.344332855093257,0.244619799139168,0,0.078909612625538,0.676470588235294,0.00860832137733142,0.991391678622669,0.997130559540889,0.00286944045911047
"15","Chipangali",0.256369785794814,0.20608793686584,0.180383314543405,0.129199549041714,0.0978579481397971,0.0680947012401353,0.0620067643742954,0.00744081172491545,0.00248027057497182,0,0,0,0,0.480270574971815,0.509582863585118,0.000225479143179256,0.81217587373168,0.18782412626832,0.453889515219842,0.546110484780158,0.255693348365276,0.010597519729425,0.106877113866967,0.626832018038331,0.0514092446448704,0.94859075535513,0.99098083427283,0.00901916572717024
"16","Chipata",0.254814305364512,0.206327372764787,0.180880330123796,0.130330123796424,0.0973177441540578,0.0680880330123796,0.062242090784044,0.00859697386519945,0.00343878954607978,0,0,0,0,0.476960110041265,0.510660247592847,0.000343878954607978,0.80949105914718,0.19050894085282,0.453920220082531,0.546079779917469,0.25687757909216,0.0113480055020633,0.107290233837689,0.624484181568088,0.0529573590096286,0.947042640990371,0.988308115543329,0.0116918844566713
"17","Chipili",0.240761478163494,0.19036954087346,0.170212765957447,0.130459126539754,0.11478163493841,0.0806270996640538,0.0727883538633819,0.862262038073908,0.00167973124300112,0,0,0.0559910414333707,0,0,0.08006718924972,0,0.916573348264278,0.0834266517357223,0.625979843225084,0.374020156774916,0.184210526315789,0,0.0531914893617021,0.762597984322508,0.00447928331466965,0.99552071668533,0.990481522956327,0.00951847704367301
"18","Chirundu",0.244025157232704,0.19622641509434,0.183647798742138,0.134591194968553,0.0981132075471698,0.0754716981132075,0.0679245283018868,0.0276729559748428,0.00251572327044025,0,0,0,0,0.120754716981132,0.132075471698113,0.716981132075472,0.831446540880503,0.168553459119497,0.753459119496855,0.246540880503145,0.133333333333333,0,0.109433962264151,0.757232704402516,0.0314465408805031,0.968553459119497,0.99622641509434,0.00377358490566038
"19","Chisamba",0.274159663865546,0.202731092436975,0.16281512605042,0.131652661064426,0.100490196078431,0.0679271708683473,0.0602240896358543,0.180322128851541,0.00245098039215686,0.000700280112044818,0.00595238095238095,0.000700280112044818,0.000350140056022409,0.165616246498599,0.391456582633053,0.252450980392157,0.809173669467787,0.190826330532213,0.312675070028011,0.687324929971989,0.123949579831933,0.00140056022408964,0.0959383753501401,0.778711484593838,0.0381652661064426,0.961834733893557,0.996498599439776,0.00350140056022409
"20","Chitambo",0.256544502617801,0.194764397905759,0.172774869109948,0.133507853403141,0.107853403141361,0.0722513089005236,0.062303664921466,0.190052356020942,0.000523560209424084,0,0,0,0,0.00366492146596859,0.805235602094241,0.000523560209424084,0.903664921465969,0.0963350785340314,0.664397905759162,0.335602094240838,0.115706806282723,0,0.101570680628272,0.782722513089005,0.0256544502617801,0.97434554973822,0.998429319371728,0.00157068062827225
"21","Choma",0.264097073518915,0.198905543659291,0.171544135141566,0.124910778015703,0.100880323578396,0.0742326909350464,0.0654294551510826,0.0216512015227219,0.00713775874375446,0.000713775874375446,0.00904116107542232,0.000237925291458482,0.00309302878896027,0.0578158458244111,0.0797049726385915,0.820604330240305,0.798477278134666,0.201522721865334,0.387342374494409,0.612657625505591,0.0628122769450393,0.00142755174875089,0.0811325243873424,0.854627646918868,0.0611467999048299,0.93885320009517,0.990720913633119,0.0092790863668808
"22","Chongwe",0.231680042099724,0.21720826207078,0.193790290751217,0.146691224838837,0.10353900802526,0.0605183528483094,0.0465728193658729,0.191422181291935,0.0659123799500066,0.00171030127614788,0.0107880542033943,0.0013156163662676,0.00105249309301408,0.583870543349559,0.113011445862387,0.0309169846072885,0.369951322194448,0.630048677805552,0.111958952769372,0.888041047230628,0.191553742928562,0.00644652019471122,0.0697276674121826,0.732272069464544,0.194448098934351,0.805551901065649,0.961584002104986,0.0384159978950138
"23","Gwembe",0.252393385552655,0.205395996518712,0.161879895561358,0.137510879025239,0.106179286335944,0.0774586597040905,0.0591818973020017,0.0287206266318538,0.000870322019147084,0,0.00174064403829417,0,0,0.0113141862489121,0.0852915578764143,0.872062663185379,0.901653611836379,0.0983463881636205,0.865970409051349,0.134029590948651,0.197563098346388,0,0.13141862489121,0.671018276762402,0.0113141862489121,0.988685813751088,0.995648389904265,0.00435161009573542
"24","Ikelenge",0.25,0.204819277108434,0.19578313253012,0.129518072289157,0.0783132530120482,0.0692771084337349,0.072289156626506,0.00602409638554217,0,0,0,0.753012048192771,0.00301204819277108,0,0.237951807228916,0,0.951807228915663,0.0481927710843374,0.731927710843373,0.268072289156627,0.240963855421687,0,0.171686746987952,0.587349397590361,0,1,1,0
"25","Isoka",0.252122795558459,0.206401045068583,0.161985630306989,0.123448726322665,0.115610711952972,0.0731548007838014,0.0672762900065317,0.186152841280209,0,0,0,0.00130633572828217,0,0.00130633572828217,0.811234487263227,0,0.894186806009144,0.105813193990856,0.606139777922926,0.393860222077074,0.0607446113651208,0,0.160679294578707,0.778576094056172,0.0169823644676682,0.983017635532332,0.996080992815153,0.00391900718484651
"26","Itezhi-tezhi",0.2725,0.19875,0.173125,0.131875,0.093125,0.073125,0.0575,0.03,0.001875,0.000625,0.048125,0.00125,0.0225,0.1125,0.499375,0.28375,0.87375,0.12625,0.540625,0.459375,0.071875,0.001875,0.115625,0.810625,0.025625,0.974375,0.99375,0.00625
"27","Kabompo",0.25,0.196572580645161,0.172379032258065,0.138104838709677,0.108870967741935,0.0715725806451613,0.0625,0.00806451612903226,0,0.00705645161290323,0.00806451612903226,0.265120967741935,0.425403225806452,0,0.286290322580645,0,0.918346774193548,0.0816532258064516,0.661290322580645,0.338709677419355,0.118951612903226,0.00100806451612903,0.108870967741935,0.77116935483871,0.00806451612903226,0.991935483870968,0.997983870967742,0.00201612903225806
"28","Kabwe",0.27187244480785,0.203802125919869,0.171708912510221,0.132052330335241,0.0970973017170891,0.0680703188879804,0.0553965658217498,0.758176614881439,0.0300490596892886,0.0044971381847915,0.0110384300899428,0.00306623058053966,0.00245298446443173,0.0451757972199509,0.113654946852003,0.0318887980376124,0.517170891251022,0.482829108748978,0.188266557645135,0.811733442354865,0.231602616516762,0.00490596892886345,0.0817661488143908,0.681725265739984,0.332583810302535,0.667416189697465,0.975674570727719,0.0243254292722813
"29","Kafue",0.245094476744186,0.211664244186047,0.173873546511628,0.134811046511628,0.107921511627907,0.0657703488372093,0.0608648255813953,0.128270348837209,0.0470566860465116,0.00236191860465116,0.0174418604651163,0.000726744186046512,0.00290697674418605,0.521620639534884,0.134811046511628,0.144803779069767,0.500363372093023,0.499636627906977,0.199672965116279,0.800327034883721,0.165515988372093,0.00508720930232558,0.0863008720930233,0.743095930232558,0.183139534883721,0.816860465116279,0.966569767441861,0.0334302325581395
"30","Kalabo",0.226516052318668,0.218192627824019,0.167063020214031,0.126040428061831,0.102259215219976,0.0832342449464923,0.0766944114149822,0.000594530321046373,0,0,0.523781212841855,0,0.0118906064209275,0,0.463733650416171,0,0.921521997621879,0.0784780023781213,0.799048751486326,0.200951248513674,0.0873959571938169,0.00118906064209275,0.147443519619501,0.76397146254459,0.0101070154577883,0.989892984542212,0.995243757431629,0.00475624256837099
"31","Kalomo",0.264808362369338,0.206736353077816,0.167828106852497,0.133275261324042,0.102497096399535,0.0673635307781649,0.0574912891986063,0.00696864111498258,0.00319396051103368,0,0.0037746806039489,0.000290360046457607,0.00319396051103368,0.0168408826945412,0.099883855981417,0.865853658536585,0.87746806039489,0.12253193960511,0.558652729384437,0.441347270615563,0.0293263646922183,0.000290360046457607,0.0908826945412311,0.879500580720093,0.0211962833914053,0.978803716608595,0.990127758420441,0.00987224157955865
"32","Kalulushi",0.260569105691057,0.195934959349593,0.173577235772358,0.13739837398374,0.0983739837398374,0.0695121951219512,0.0646341463414634,0.871951219512195,0.0170731707317073,0.0040650406504065,0.00121951219512195,0.00934959349593496,0.0024390243902439,0.00853658536585366,0.0780487804878049,0.00731707317073171,0.50650406504065,0.49349593495935,0.179268292682927,0.820731707317073,0.184959349593496,0.00203252032520325,0.0646341463414634,0.748373983739837,0.421138211382114,0.578861788617886,0.979674796747967,0.0203252032520325
"33","Kalumbila",0.264266564534661,0.212179241669858,0.187667560321716,0.126771351972424,0.0957487552661815,0.060130218307162,0.0532363079279969,0.128686327077748,0.0111068556108771,0.432401378782076,0.00344695518958254,0.184220605132133,0.0417464572960552,0.012638835695136,0.183071620068939,0.00268096514745308,0.805055534278054,0.194944465721946,0.423209498276522,0.576790501723478,0.0896208349291459,0.00191497510532363,0.114132516277288,0.794331673688242,0.0348525469168901,0.96514745308311,0.98544618919954,0.0145538108004596
"34","Kanchibiya",0.257703081232493,0.211017740429505,0.169000933706816,0.126984126984127,0.107376283846872,0.0662931839402428,0.061624649859944,0.698412698412698,0,0,0,0,0,0.000933706816059757,0.300653594771242,0,0.867413632119514,0.132586367880486,0.645191409897292,0.354808590102708,0.30905695611578,0,0.0812324929971989,0.609710550887022,0.030812324929972,0.969187675070028,1,0
"35","Kaoma",0.235665439242504,0.195686480799579,0.179379274066281,0.136770120988953,0.104681746449237,0.0815360336664913,0.0662809047869542,0.0131509731720147,0,0.0105207785376118,0.420831141504471,0.00210415570752236,0.0552340873224619,0.00789058390320884,0.490268279852709,0,0.887953708574434,0.112046291425565,0.662809047869542,0.337190952130458,0.0915307732772225,0,0.102577590741715,0.805891635981063,0.0168332456601789,0.983166754339821,0.998421883219358,0.00157811678064177
"36","Kapiri Mposhi",0.257518248175182,0.198540145985401,0.167591240875912,0.132262773722628,0.104525547445255,0.0762043795620438,0.0633576642335766,0.493138686131387,0.00321167883211679,0.000291970802919708,0.00291970802919708,0.00204379562043796,0.00145985401459854,0.0160583941605839,0.376058394160584,0.104817518248175,0.834160583941606,0.165839416058394,0.393868613138686,0.606131386861314,0.159124087591241,0.0035036496350365,0.103941605839416,0.733430656934307,0.0613138686131387,0.938686131386861,0.991824817518248,0.00817518248175183
"37","Kaputa",0.225684608120869,0.183191690273843,0.206798866855524,0.135033050047214,0.106704438149197,0.0783758262511804,0.0642115203021719,0.711992445703494,0,0,0,0,0,0.000944287063267233,0.287063267233239,0,0.96600566572238,0.0339943342776204,0.789423984891407,0.210576015108593,0.188857412653447,0.0103871576959396,0.16052880075543,0.640226628895184,0.00188857412653447,0.998111425873466,0.998111425873466,0.00188857412653447
"38","Kasama",0.257532689027857,0.205609247678605,0.177373507674815,0.123176046996399,0.106689406859958,0.0678415766534016,0.0617775251089634,0.918703808982376,0.00379003221527383,0,0.000379003221527383,0.000947508053818457,0,0.00397953382603752,0.071252605647148,0.000947508053818457,0.792306234602994,0.207693765397006,0.435664203145727,0.564335796854273,0.394352851999242,0.000379003221527383,0.0746636346408944,0.530604510138336,0.0524919461815425,0.947508053818457,0.986545385635778,0.0134546143642221
"39","Kasempa",0.257712082262211,0.200514138817481,0.16452442159383,0.134318766066838,0.101542416452442,0.0848329048843188,0.0565552699228792,0.0167095115681234,0.0044987146529563,0.820051413881748,0.0051413881748072,0.0070694087403599,0.0051413881748072,0.0051413881748072,0.125964010282776,0.0102827763496144,0.87853470437018,0.12146529562982,0.684447300771208,0.315552699228792,0.0829048843187661,0.0006426735218509,0.115681233933162,0.800771208226221,0.012853470437018,0.987146529562982,0.995501285347044,0.0044987146529563
"40","Kasenengwa",0.254283137962128,0.207093477607454,0.180042079951909,0.130447850916742,0.0979861737300872,0.0676284941388638,0.0625187856928164,0.00781484821160204,0.00300571085061617,0,0,0,0,0.477006311992786,0.511872557859934,0.000300571085061617,0.810640216411181,0.189359783588819,0.45356176735798,0.54643823264202,0.256988277727683,0.0117222723174031,0.106402164111812,0.624887285843102,0.0519987977156598,0.94800120228434,0.989480012022843,0.0105199879771566
"41","Katete",0.243837243837244,0.202851202851203,0.173448173448173,0.129492129492129,0.109296109296109,0.070983070983071,0.0700920700920701,0.00623700623700624,0.000594000594000594,0,0.000891000891000891,0,0,0.0781110781110781,0.912384912384912,0.00178200178200178,0.85981585981586,0.14018414018414,0.611226611226611,0.388773388773389,0.295515295515296,0.0103950103950104,0.114642114642115,0.579447579447579,0.010989010989011,0.989010989010989,0.991980991980992,0.00801900801900802
"42","Kawambwa",0.257689422355589,0.197674418604651,0.165416354088522,0.118154538634659,0.105776444111028,0.0843960990247562,0.0708927231807952,0.837584396099025,0.00150037509377344,0.000750187546886722,0.000375093773443361,0.0247561890472618,0,0.00262565641410353,0.130907726931733,0.00150037509377344,0.903600900225056,0.0963990997749437,0.641035258814704,0.358964741185296,0.273068267066767,0.000375093773443361,0.0708927231807952,0.655663915978995,0.00750187546886722,0.992498124531133,0.996249062265566,0.00375093773443361
"43","Kazungula",0.25979061651803,0.205506010081427,0.167119038386972,0.130670802636681,0.106242729740209,0.0697944939899186,0.0608763086467623,0.0143466459868166,0.00504071345482745,0.000775494377665762,0.125242341993021,0,0.0019387359441644,0.0368359829391237,0.479255525397441,0.336564559906941,0.877859635517642,0.122140364482358,0.53974408685537,0.46025591314463,0.0682435052345871,0.000775494377665762,0.0721209771229159,0.858860023264831,0.0414889492051183,0.958511050794882,0.998061264055836,0.0019387359441644
"44","Kitwe",0.250303582270795,0.203703703703704,0.186627200971463,0.13357619914997,0.0964632665452338,0.0692167577413479,0.0601092896174863,0.903992106860959,0.0241347905282332,0.00159380692167577,0.00182149362477231,0.00136612021857923,0.0011384335154827,0.00614754098360656,0.0569975713418336,0.00280813600485732,0.402018822100789,0.597981177899211,0.137446873102611,0.862553126897389,0.212811171827565,0.00356709168184578,0.0814359441408622,0.702185792349727,0.509942319368549,0.490057680631451,0.968047965998786,0.0319520340012143
"45","Lavushimanda",0.257971014492754,0.209275362318841,0.169275362318841,0.12695652173913,0.107246376811594,0.0672463768115942,0.0620289855072464,0.674782608695652,0,0.000579710144927536,0,0,0,0.00173913043478261,0.322898550724638,0,0.858550724637681,0.141449275362319,0.64231884057971,0.35768115942029,0.302608695652174,0,0.0904347826086957,0.60695652173913,0.0365217391304348,0.963478260869565,0.99768115942029,0.00231884057971014
"46","Limulunga",0.23561811505508,0.2203182374541,0.165850673194614,0.136474908200734,0.0997552019583843,0.0783353733170135,0.0636474908200734,0.00305997552019584,0.0018359853121175,0,0.853733170134639,0,0.00979192166462668,0.00550795593635251,0.125458996328029,0.000611995104039168,0.80171358629131,0.19828641370869,0.490820073439412,0.509179926560588,0.0850673194614443,0.000611995104039168,0.0973072215422277,0.817013463892289,0.0410036719706242,0.958996328029376,0.992044063647491,0.00795593635250918
"47","Livingstone",0.232984293193717,0.217277486910995,0.206282722513089,0.13979057591623,0.0984293193717277,0.0649214659685864,0.0403141361256545,0.107068062827225,0.056020942408377,0.000785340314136126,0.192931937172775,0.00235602094240838,0.0172774869109948,0.282984293193717,0.158376963350785,0.182198952879581,0.369371727748691,0.630628272251309,0.129319371727749,0.870680628272251,0.158115183246073,0.00261780104712042,0.0856020942408377,0.753664921465969,0.453403141361257,0.546596858638743,0.968324607329843,0.0316753926701571
"48","Luampa",0.236973947895792,0.193887775551102,0.178857715430862,0.137274549098196,0.104208416833667,0.0816633266533066,0.0671342685370741,0.0125250501002004,0,0.00951903807615231,0.416332665330661,0.00100200400801603,0.0521042084168337,0.00751503006012024,0.5,0.00100200400801603,0.89128256513026,0.108717434869739,0.669839679358717,0.330160320641283,0.0901803607214429,0,0.102705410821643,0.807114228456914,0.0155310621242485,0.984468937875752,0.998496993987976,0.00150300601202405
"49","Luangwa",0.284905660377358,0.166037735849057,0.171698113207547,0.133962264150943,0.105660377358491,0.0773584905660377,0.060377358490566,0.030188679245283,0,0,0.00566037735849057,0,0,0.307547169811321,0.649056603773585,0.00754716981132075,0.784905660377359,0.215094339622642,0.509433962264151,0.490566037735849,0.420754716981132,0.00188679245283019,0.0849056603773585,0.492452830188679,0.00377358490566038,0.99622641509434,0.994339622641509,0.00566037735849057
"50","Luano",0.256176154672395,0.214822771213749,0.16702470461869,0.130504833512352,0.105800214822771,0.0741138560687433,0.0515574650912997,0.28625134264232,0.00268528464017186,0.000537056928034372,0.00537056928034372,0.00214822771213749,0,0.0166487647690655,0.631041890440387,0.0553168635875403,0.828141783029001,0.171858216970999,0.466702470461869,0.533297529538131,0.147690655209452,0.00483351235230934,0.0998925886143931,0.747583243823845,0.018796992481203,0.981203007518797,0.983351235230934,0.0166487647690655
"51","Luanshya",0.26837416481069,0.204899777282851,0.162583518930958,0.114922048997773,0.103118040089087,0.0717149220489978,0.0743875278396437,0.887527839643653,0.0207126948775056,0.00289532293986637,0.00400890868596882,0.00244988864142539,0.00155902004454343,0.00801781737193764,0.0679287305122494,0.00489977728285078,0.393095768374165,0.606904231625835,0.150556792873051,0.849443207126949,0.217594654788419,0.00200445434298441,0.0770601336302895,0.703340757238307,0.567706013363029,0.432293986636971,0.978173719376392,0.021826280623608
"52","Lufwanyama",0.254111405835544,0.190450928381963,0.171352785145889,0.124137931034483,0.119893899204244,0.0753315649867374,0.0647214854111406,0.327851458885942,0.00212201591511936,0.0594164456233422,0.000530503978779841,0.00742705570291777,0.00318302387267905,0.00477453580901857,0.575596816976127,0.0190981432360743,0.888063660477454,0.111936339522546,0.563925729442971,0.436074270557029,0.13209549071618,0.000530503978779841,0.0721485411140584,0.795225464190981,0.0583554376657825,0.941644562334218,0.994164456233422,0.00583554376657825
"53","Lukulu",0.226259289843105,0.199834847233691,0.174236168455822,0.152766308835673,0.108175061932287,0.0710156895127993,0.0677126341866226,0.00165152766308836,0,0.000825763831544178,0.403798513625103,0.0264244426094137,0.270024772914946,0,0.293971924029727,0.00330305532617671,0.919075144508671,0.0809248554913295,0.722543352601156,0.277456647398844,0.187448389760528,0.00165152766308836,0.109000825763832,0.701899256812552,0.00908340214698596,0.990916597853014,0.992568125516102,0.0074318744838976
"54","Lumezi",0.242519069039703,0.207119108155682,0.169763348327792,0.123019753569333,0.106199882652063,0.0831214551144142,0.0682573831410131,0.00488949735967143,0.000782319577547428,0,0.000195579894386857,0,0,0.031488362996284,0.962448660277723,0.000195579894386857,0.908077449638177,0.0919225503618228,0.671230197535693,0.328769802464307,0.19910033248582,0.0138861725014668,0.103070604341874,0.683942890670839,0.0105613142968903,0.98943868570311,0.99687072168981,0.00312927831018971
"55","Lundazi",0.246732026143791,0.21078431372549,0.166666666666667,0.122549019607843,0.106209150326797,0.0816993464052288,0.065359477124183,0,0,0,0,0,0,0.0245098039215686,0.975490196078431,0,0.92156862745098,0.0784313725490196,0.684640522875817,0.315359477124183,0.197712418300654,0.00980392156862745,0.0996732026143791,0.69281045751634,0,1,1,0
"56","Lunga",0.248071979434447,0.18573264781491,0.176092544987147,0.125321336760925,0.115681233933162,0.0816195372750643,0.0674807197943445,0.390102827763496,0,0,0,0,0,0,0.609897172236504,0,0.940874035989717,0.0591259640102828,0.753856041131105,0.246143958868895,0.447943444730077,0,0.0526992287917738,0.499357326478149,0.0006426735218509,0.999357326478149,0.999357326478149,0.0006426735218509
"57","Lunte District",0.25017667844523,0.195053003533569,0.183745583038869,0.131448763250883,0.102473498233216,0.0770318021201413,0.0600706713780919,0.920141342756184,0,0,0,0,0,0.00141342756183746,0.0784452296819788,0,0.874911660777385,0.125088339222615,0.630388692579505,0.369611307420495,0.342756183745583,0.000706713780918728,0.0643109540636042,0.592226148409894,0.00565371024734982,0.99434628975265,0.996466431095406,0.00353356890459364
"58","Lupososhi",0.245461720599842,0.205998421468035,0.169692186266772,0.120757695343331,0.114443567482242,0.0765588003157064,0.0670876085240726,0.876085240726125,0,0,0,0,0,0,0.123914759273875,0,0.936858721389108,0.0631412786108919,0.738752959747435,0.261247040252565,0.453827940015785,0,0.0718232044198895,0.474348855564325,0.0110497237569061,0.988950276243094,0.997632202052092,0.00236779794790845
"59","Lusaka",0.227264499780208,0.217593670002327,0.195924805419802,0.147286220360458,0.104439790034391,0.0608434825330334,0.0466475318697799,0.206319654539343,0.0729190908385695,0.00250820986217775,0.0125410493108887,0.00186176402141029,0.00204276885682517,0.584490471388307,0.089002663356864,0.0283143278256148,0.327101595428335,0.672898404571665,0.0979753316267163,0.902024668373284,0.190080935019264,0.00894681043622165,0.0683422542859359,0.732630000258578,0.213585705789569,0.786414294210431,0.955446952654307,0.0445530473456934
"60","Luwingu",0.247263361236317,0.204121056020605,0.171925305859627,0.1216999356085,0.116548615582743,0.0740502253702511,0.0643915003219575,0.886027044430135,0,0,0,0,0,0.000643915003219575,0.113329040566645,0,0.913715389568577,0.086284610431423,0.698647778493239,0.301352221506761,0.443013522215068,0,0.0753380553766903,0.481648422408242,0.0167417900837089,0.983258209916291,0.995492594977463,0.00450740502253703
"61","Mafinga",0.259020618556701,0.214561855670103,0.172680412371134,0.100515463917526,0.0966494845360825,0.0889175257731959,0.0676546391752577,0.0270618556701031,0,0,0,0,0,0.00193298969072165,0.971005154639175,0,0.965850515463918,0.0341494845360825,0.746134020618557,0.253865979381443,0.0135309278350515,0,0.130798969072165,0.855670103092783,0,1,0.999355670103093,0.000644329896907216
"62","Mambwe",0.261484098939929,0.192579505300353,0.165488810365135,0.147232037691402,0.103651354534747,0.0736160188457008,0.0559481743227326,0.00765606595995289,0.00117785630153121,0.00117785630153121,0.00117785630153121,0,0,0.0700824499411072,0.918727915194346,0,0.870435806831567,0.129564193168433,0.51472320376914,0.48527679623086,0.263250883392226,0.00117785630153121,0.085394581861013,0.65017667844523,0.0147232037691402,0.98527679623086,0.992343934040047,0.00765606595995289
"63","Mansa",0.258901202546569,0.201367601980665,0.174015562367366,0.118839896250884,0.102805941994813,0.0745107286017449,0.069559066257958,0.565668474416411,0.00188634755953784,0.000471586889884461,0.000235793444942231,0.00117896722471115,0.000471586889884461,0.00282952133930677,0.4248997877859,0.00235793444942231,0.851450129686395,0.148549870313605,0.50106107050224,0.49893892949776,0.241688281065786,0.000471586889884461,0.105871256779062,0.651968875265268,0.0273520396132988,0.972647960386701,0.985145012968639,0.0148549870313605
"64","Manyinga",0.244464127546501,0.192205491585474,0.169176262178919,0.137289636846767,0.112488928255093,0.0797165633303809,0.0646589902568645,0.012400354295837,0,0.0070859167404783,0.00265721877767936,0.271922054915855,0.41452612931798,0.00531443755535872,0.282550930026572,0.00354295837023915,0.882196634189548,0.117803365810452,0.630646589902569,0.369353410097431,0.131975199291408,0.00265721877767936,0.116917626217892,0.74844995571302,0.0177147918511957,0.982285208148804,0.995571302037201,0.00442869796279894
"65","Masaiti",0.26298875200857,0.189608998393144,0.172201392608463,0.120782003213712,0.111140867702196,0.0707016604177825,0.0725763256561328,0.518478843063739,0.0096411355115158,0.000803427959292983,0.00133904659882164,0.00348152115693626,0.00214247455811462,0.00723085163363685,0.449384038564542,0.00749866095340118,0.708355650776647,0.291644349223353,0.332619175147295,0.667380824852705,0.166577396893412,0.00241028387787895,0.0565077664702732,0.774504552758436,0.23701124799143,0.76298875200857,0.989287627209427,0.0107123727905731
"66","Mazabuka",0.253533069530808,0.208592425098926,0.182871678914641,0.130016958733748,0.104861503674392,0.0678349349915206,0.0522894290559638,0.0423968343697004,0.0149802148106275,0,0.0336348219332956,0.000847936687394008,0.0036743923120407,0.0814019219898248,0.0819672131147541,0.741096664782363,0.703787450537027,0.296212549462973,0.310344827586207,0.689655172413793,0.118145845110232,0.00254381006218202,0.0630299604296213,0.816280384397965,0.11503674392312,0.88496325607688,0.985019785189372,0.0149802148106275
"67","Mbala",0.26064139941691,0.208746355685131,0.177842565597668,0.108454810495627,0.110204081632653,0.0723032069970845,0.0618075801749271,0.193002915451895,0,0,0,0,0,0.000583090379008746,0.806413994169096,0,0.882215743440233,0.117784256559767,0.678717201166181,0.321282798833819,0.20932944606414,0,0.075801749271137,0.714868804664723,0.0233236151603499,0.97667638483965,0.997667638483965,0.00233236151603499
"68","Milengi",0.272511848341232,0.18088467614534,0.175355450236967,0.132701421800948,0.106635071090047,0.0624012638230648,0.0695102685624013,0.432069510268562,0,0,0,0,0,0.00157977883096367,0.566350710900474,0,0.933649289099526,0.0663507109004739,0.72827804107425,0.27172195892575,0.278830963665087,0,0.0663507109004739,0.654818325434439,0.0023696682464455,0.997630331753555,1,0
"69","Mitete",0.231631382316314,0.201743462017435,0.171855541718555,0.150684931506849,0.107098381070984,0.0722291407222914,0.0647571606475716,0,0,0,0.386052303860523,0.0199252801992528,0.268991282689913,0,0.325031133250311,0,0.948941469489415,0.0510585305105853,0.76587795765878,0.23412204234122,0.185554171855542,0,0.112079701120797,0.702366127023661,0.0037359900373599,0.99626400996264,0.998754669987547,0.0012453300124533
"70","Mkushi",0.265486725663717,0.213653603034134,0.169405815423515,0.129582806573957,0.108091024020228,0.06826801517067,0.04551201011378,0.286978508217446,0.000632111251580278,0,0.000632111251580278,0,0,0.00505689001264223,0.661188369152971,0.04551201011378,0.860303413400759,0.139696586599241,0.474715549936789,0.525284450063211,0.13716814159292,0.000632111251580278,0.0853350189633375,0.776864728192162,0.00632111251580278,0.993678887484197,0.995575221238938,0.00442477876106195
"71","Mongu",0.232473811442385,0.217969379532635,0.166398066075745,0.137389202256245,0.100725221595488,0.0781627719580983,0.0668815471394037,0.00604351329572925,0.00523771152296535,0,0.828767123287671,0,0.0136986301369863,0.00926672038678485,0.131748589846898,0.00523771152296535,0.781627719580983,0.218372280419017,0.488718775181305,0.511281224818695,0.0866236905721193,0.0016116035455278,0.0995165189363417,0.812248186946011,0.0519742143432716,0.948025785656728,0.987912973408541,0.0120870265914585
"72","Monze",0.26241610738255,0.2082774049217,0.154809843400447,0.136241610738255,0.106263982102908,0.0760626398210291,0.0559284116331096,0.0172259507829978,0.00693512304250559,0.000223713646532438,0.00939597315436242,0.00380313199105145,0.000447427293064877,0.0322147651006711,0.0939597315436242,0.83579418344519,0.831543624161074,0.168456375838926,0.404250559284116,0.595749440715884,0.199552572706935,0.00111856823266219,0.0912751677852349,0.708053691275168,0.0588366890380313,0.941163310961969,0.9917225950783,0.00827740492170022
"73","Mpika",0.257628814407204,0.210105052526263,0.169584792396198,0.12656328164082,0.107553776888444,0.0670335167583792,0.0615307653826913,0.680340170085043,0,0.000500250125062531,0,0,0,0.00200100050025012,0.317158579289645,0,0.859929964982491,0.140070035017509,0.642821410705353,0.357178589294647,0.298649324662331,0,0.088544272136068,0.612806403201601,0.0355177588794397,0.96448224112056,0.99799899949975,0.00200100050025012
"74","Mpongwe",0.254680017414018,0.208097518502394,0.17022202873313,0.14018284719199,0.100565955594253,0.0683500217675229,0.0579016107966913,0.275141488898563,0.00043535045711798,0.00348280365694384,0,0.00522420548541576,0.00043535045711798,0.00261210274270788,0.649107531562908,0.0635611667392251,0.894209838920331,0.105790161079669,0.462777535916413,0.537222464083587,0.101001306051371,0,0.0814105354810623,0.817588158467566,0.0148019155420113,0.985198084457989,0.983892033086635,0.0161079669133653
"75","Mporokoso",0.25,0.198186528497409,0.183937823834197,0.132124352331606,0.099740932642487,0.0764248704663212,0.0595854922279793,0.930051813471503,0,0,0,0,0,0,0.0699481865284974,0,0.895077720207254,0.104922279792746,0.656735751295337,0.343264248704663,0.339378238341969,0,0.0634715025906736,0.597150259067358,0.00129533678756477,0.998704663212435,1,0
"76","Mpulungu",0.243444055944056,0.20979020979021,0.19798951048951,0.118881118881119,0.10708041958042,0.0638111888111888,0.0590034965034965,0.266171328671329,0.000874125874125874,0,0.000437062937062937,0,0,0.00131118881118881,0.731206293706294,0,0.892045454545455,0.107954545454545,0.646853146853147,0.353146853146853,0.126748251748252,0.00917832167832168,0.0791083916083916,0.784965034965035,0.013548951048951,0.986451048951049,0.993881118881119,0.00611888111888112
"77","Mufulira",0.274096385542169,0.190361445783133,0.171084337349398,0.126807228915663,0.0927710843373494,0.0756024096385542,0.0692771084337349,0.889457831325301,0.0177710843373494,0.00331325301204819,0.00451807228915663,0.00210843373493976,0.00421686746987952,0.00753012048192771,0.0644578313253012,0.00662650602409639,0.388855421686747,0.611144578313253,0.156024096385542,0.843975903614458,0.217469879518072,0.00331325301204819,0.0677710843373494,0.71144578313253,0.662650602409639,0.337349397590361,0.962349397590361,0.0376506024096386
"78","Mufumbwe",0.26681783824641,0.204081632653061,0.180650037792895,0.120181405895692,0.102796674225246,0.0763416477702192,0.0491307634164777,0.0166288737717309,0.00151171579743008,0.373393801965231,0.055177626606198,0.159486016628874,0.120937263794407,0.00151171579743008,0.26681783824641,0.00453514739229025,0.90854119425548,0.09145880574452,0.529100529100529,0.470899470899471,0.0597127739984883,0.00151171579743008,0.136810279667423,0.801965230536659,0.00151171579743008,0.99848828420257,0.991685563114135,0.00831443688586546
"79","Mulobezi",0.241150442477876,0.209070796460177,0.179203539823009,0.141592920353982,0.0984513274336283,0.0685840707964602,0.0619469026548673,0.00110619469026549,0.00221238938053097,0,0.879424778761062,0,0.00110619469026549,0.00110619469026549,0.11283185840708,0.00221238938053097,0.871681415929204,0.128318584070796,0.591814159292035,0.408185840707965,0.111725663716814,0,0.0984513274336283,0.789823008849557,0.00995575221238938,0.990044247787611,1,0
"80","Mumbwa",0.261166916007694,0.205599487069887,0.169908100021372,0.130369737123317,0.0980978841632828,0.0741611455439196,0.0606967300705279,0.0487283607608463,0.00470185937166061,0.0410344090617653,0.0303483650352639,0.00149604616371019,0.00619790553537081,0.185082282539004,0.414832229108784,0.267578542423595,0.863004915580252,0.136995084419748,0.38533874759564,0.61466125240436,0.069245565291729,0.00170976704424022,0.139132293225048,0.789912374438983,0.0329130156016243,0.967086984398376,0.991023723017739,0.00897627698226117
"81","Mungwi",0.249446727790073,0.191274106860575,0.17926019601644,0.121403730635473,0.1036990199178,0.0825165981662978,0.0723996206133418,0.895352513436611,0,0,0.000316155548529877,0.000632311097059753,0,0.000316155548529877,0.10338286436927,0,0.92349035725577,0.0765096427442302,0.647486563389188,0.352513436610813,0.466961745178628,0,0.0935820423648435,0.439456212456529,0.00442617767941827,0.995573822320582,0.996838444514701,0.00316155548529877
"82","Mushindano",0.268167860798362,0.212896622313204,0.186284544524053,0.127942681678608,0.0951893551688843,0.0583418628454452,0.0511770726714432,0.226202661207779,0.00818833162743091,0.382804503582395,0,0.156601842374616,0.0337768679631525,0.0102354145342886,0.181166837256909,0.00102354145342886,0.767656090071648,0.232343909928352,0.397134083930399,0.602865916069601,0.0941658137154555,0.00102354145342886,0.102354145342886,0.802456499488229,0.101330603889458,0.898669396110543,0.989764585465711,0.0102354145342886
"83","Mwandi",0.240938166311301,0.208955223880597,0.183368869936034,0.142857142857143,0.0980810234541578,0.0660980810234542,0.0597014925373134,0,0,0,0.889125799573561,0,0,0,0.108742004264392,0.00213219616204691,0.876332622601279,0.123667377398721,0.588486140724947,0.411513859275053,0.113006396588486,0,0.0980810234541578,0.788912579957356,0.0106609808102345,0.989339019189765,1,0
"84","Mwansabombwe",0.262135922330097,0.199029126213592,0.16747572815534,0.116504854368932,0.109223300970874,0.0800970873786408,0.0655339805825243,0.856796116504854,0,0,0,0.0194174757281553,0,0,0.12378640776699,0,0.919902912621359,0.0800970873786408,0.645631067961165,0.354368932038835,0.247572815533981,0,0.0728155339805825,0.679611650485437,0.00242718446601942,0.997572815533981,1,0
"85","Mwense",0.243295019157088,0.191570881226054,0.170498084291188,0.132183908045977,0.113984674329502,0.0804597701149425,0.068007662835249,0.85536398467433,0.000957854406130268,0,0,0.0517241379310345,0,0,0.0919540229885057,0,0.924329501915709,0.0756704980842912,0.622605363984674,0.377394636015326,0.164750957854406,0,0.0517241379310345,0.783524904214559,0.00191570881226054,0.998084291187739,0.994252873563218,0.00574712643678161
"86","Mwinilunga",0.27478960848884,0.191730698865715,0.167581412367362,0.132089279180388,0.103549213318697,0.0713501646542261,0.0589096231247713,0.0160995243322356,0.00109769484083425,0.00768386388583974,0.000731796560556165,0.829857299670692,0.0021953896816685,0.00329308452250274,0.137577753384559,0.00146359312111233,0.899743871203805,0.100256128796195,0.743139407244786,0.256860592755214,0.173801683132089,0.00109769484083425,0.156604463959019,0.668496158068057,0.0164654226125137,0.983534577387486,0.994145627515551,0.00585437248444932
"87","Nakonde",0.248268319358367,0.224571636893912,0.174626321545753,0.122129055778345,0.0984323733138899,0.0736419978126139,0.0583302952971199,0.205978855267955,0,0.000364564345607,0.000364564345607,0,0,0.00619759387531899,0.786729857819905,0.000364564345607,0.87969376594969,0.12030623405031,0.506379876048123,0.493620123951877,0.0510390083849799,0.001093693036821,0.0845789281808239,0.863288370397375,0.00583302952971199,0.994166970470288,0.993437841779074,0.00656215822092599
"88","Nalolo",0.242596810933941,0.193621867881549,0.183371298405467,0.136674259681093,0.105922551252847,0.0751708428246014,0.0626423690205011,0,0,0,0.793849658314351,0,0.00341685649202733,0,0.202733485193622,0,0.912300683371298,0.0876993166287016,0.702733485193622,0.297266514806378,0.0546697038724374,0,0.120728929384966,0.824601366742597,0.0125284738041002,0.9874715261959,0.996583143507973,0.00341685649202733
"89","Namwala",0.246860112602858,0.210913815504547,0.161974880900823,0.145950627977479,0.106539627544392,0.0736249458640104,0.05413598960589,0.0160242529233434,0,0,0.0138588133391078,0.00086617583369424,0.00389779125162408,0.0138588133391078,0.363793850151581,0.587700303161542,0.879601559116501,0.120398440883499,0.508012126461672,0.491987873538328,0.0857514075357298,0,0.104807275877003,0.809441316587267,0.0255521870939801,0.97444781290602,0.996535296665223,0.00346470333477696
"90","Nchelenge",0.229525862068966,0.204741379310345,0.183459051724138,0.134159482758621,0.10614224137931,0.0778556034482759,0.0641163793103448,0.908943965517241,0,0.000538793103448276,0.000269396551724138,0.00942887931034483,0,0.000808189655172414,0.0797413793103448,0.000269396551724138,0.942618534482759,0.0573814655172414,0.648706896551724,0.351293103448276,0.166487068965517,0.000538793103448276,0.0875538793103448,0.74542025862069,0.00915948275862069,0.990840517241379,0.997306034482759,0.00269396551724138
"91","Ndola",0.253097789685198,0.202193569993302,0.179504353650368,0.132200267916946,0.102813127930342,0.0704119223040857,0.0597789685197589,0.858841259209645,0.0385130609511052,0.00293034159410583,0.00251172136637642,0.00200937709310114,0.00234427327528466,0.0159912926992632,0.0699095780308105,0.0069490957803081,0.426239115874079,0.573760884125921,0.148024112525117,0.851975887474883,0.212575351640991,0.0102143335565975,0.0560113864701942,0.721198928332217,0.462659075686537,0.537340924313463,0.965589417280643,0.034410582719357
"92","Ngabwe",0.259924780610113,0.197241955704137,0.167989970748015,0.130798161303803,0.106560802340159,0.0748015043877977,0.0626828249059758,0.475553698286669,0.000417885499373172,0.00250731299623903,0.00125365649811952,0.00125365649811952,0.000835770998746344,0.00961136648558295,0.398662766402006,0.109903886335144,0.871709151692436,0.128290848307564,0.411617216882574,0.588382783117426,0.145842039281237,0.000417885499373172,0.100710405348934,0.753029669870455,0.031759297952361,0.968240702047639,0.997492687003761,0.00250731299623903
"93","Nkeyema",0.238030095759234,0.194254445964432,0.181942544459644,0.13953488372093,0.101231190150479,0.0807113543091655,0.0642954856361149,0.012311901504788,0,0.012311901504788,0.369357045143639,0,0.0492476060191518,0.0150478796169631,0.532147742818057,0.00957592339261286,0.901504787961696,0.0984952120383037,0.6703146374829,0.3296853625171,0.0834473324213406,0,0.102599179206566,0.813953488372093,0.012311901504788,0.987688098495212,1,0
"94","Nsama",0.225352112676056,0.183738796414853,0.206145966709347,0.133802816901408,0.105633802816901,0.0800256081946223,0.0653008962868118,0.677336747759283,0,0,0,0,0,0.00320102432778489,0.318822023047375,0.000640204865556978,0.943661971830986,0.0563380281690141,0.768245838668374,0.231754161331626,0.186299615877081,0.0128040973111396,0.156209987195903,0.644686299615877,0.0089628681177977,0.991037131882202,0.992957746478873,0.00704225352112676
"95","Nyimba",0.23802541544477,0.205278592375367,0.16911045943304,0.132942326490714,0.108015640273705,0.0772238514173998,0.0694037145650049,0.00391006842619746,0,0,0,0,0.000488758553274682,0.021505376344086,0.971163245356794,0.00293255131964809,0.900293255131965,0.0997067448680352,0.59188660801564,0.40811339198436,0.260508308895406,0.0122189638318671,0.0948191593352884,0.632453567937439,0.00782013685239492,0.992179863147605,0.999022482893451,0.000977517106549365
"96","Pemba",0.26614481409002,0.199608610567515,0.169602087410307,0.125244618395303,0.101761252446184,0.0724070450097847,0.0652315720808871,0.020221787345075,0.00521852576647097,0,0.0104370515329419,0,0.000652315720808871,0.0587084148727984,0.0815394651011089,0.823222439660796,0.798434442270059,0.201565557729941,0.383561643835616,0.616438356164384,0.0652315720808871,0,0.0828440965427267,0.851924331376386,0.0593607305936073,0.940639269406393,0.993476842791911,0.00652315720808871
"97","Petauke",0.241882271227644,0.208022226080917,0.177982288591769,0.130578225386352,0.103663830526133,0.0744920993227991,0.0633790588643862,0.00816113908664699,0,0.000520923771488106,0.000868206285813509,0.000173641257162702,0,0.023267928459802,0.966139954853273,0.000868206285813509,0.890779649244661,0.109220350755339,0.605487063726341,0.394512936273659,0.265323840944608,0.0092029866296232,0.101753776697343,0.623719395728425,0.00694565028650807,0.993054349713492,0.996700816113909,0.00329918388609134
"98","Rufunsa",0.261843238587425,0.199827734711456,0.172265288544358,0.139821992535171,0.0999138673557278,0.0703416594889463,0.0559862187769165,0.0709158771174275,0.0189491817398794,0.00200976169968418,0.0134941142693081,0.000574217628481194,0.00229687051392478,0.512776342233707,0.320126327878266,0.0588573069193224,0.715188056273328,0.284811943726672,0.267585414872237,0.732414585127763,0.214757393051967,0.00315819695664657,0.0956072351421189,0.686477174849268,0.0657479184610968,0.934252081538903,0.983060579959805,0.0169394200401952
"99","Samfya",0.248868778280543,0.18552036199095,0.175716440422323,0.125942684766214,0.114630467571644,0.081447963800905,0.0678733031674208,0.403469079939668,0,0,0,0,0,0,0.596530920060332,0,0.937405731523379,0.0625942684766214,0.749622926093514,0.250377073906486,0.440422322775264,0,0.0542986425339367,0.505279034690799,0.000754147812971342,0.999245852187029,0.999245852187029,0.000754147812971342
"100","Senanga",0.241998060135791,0.191561590688652,0.182347235693501,0.139670223084384,0.104267701260912,0.077109602327837,0.0630455868089234,0.001454898157129,0.000969932104752667,0,0.798254122211445,0,0.007274490785645,0.00242483026188167,0.187681862269641,0.00193986420950533,0.899612027158099,0.100387972841901,0.687681862269641,0.312318137730359,0.0514064015518914,0.001454898157129,0.126576139670223,0.820562560620756,0.016003879728419,0.983996120271581,0.99466537342386,0.00533462657613967
"101","Senga Hill",0.258278145695364,0.209713024282561,0.175864606328182,0.108903605592347,0.109639440765269,0.0743193524650478,0.0632818248712288,0.207873436350258,0.000367917586460633,0,0.000367917586460633,0,0.000367917586460633,0.00404709345106696,0.786975717439294,0,0.871228844738778,0.128771155261221,0.671449595290655,0.328550404709345,0.210448859455482,0.00183958793230316,0.076158940397351,0.711552612214864,0.0364238410596026,0.963576158940397,0.993377483443709,0.00662251655629139
"102","Serenje",0.253388946819604,0.195516162669447,0.17466110531804,0.131386861313869,0.10844629822732,0.0740354535974974,0.0625651720542232,0.187695516162669,0.00364963503649635,0.000521376433785193,0.000521376433785193,0.00156412930135558,0,0.00677789363920751,0.795099061522419,0.00417101147028154,0.888946819603754,0.111053180396246,0.655370177267988,0.344629822732013,0.109489051094891,0.000521376433785193,0.103753910323253,0.786235662148071,0.0364963503649635,0.963503649635037,0.994786235662148,0.00521376433785193
"103","Sesheke",0.240654205607477,0.210280373831776,0.179906542056075,0.139018691588785,0.100467289719626,0.0677570093457944,0.0619158878504673,0.00116822429906542,0.00233644859813084,0,0.876168224299065,0,0.00116822429906542,0.00116822429906542,0.115654205607477,0.00233644859813084,0.867990654205608,0.132009345794393,0.588785046728972,0.411214953271028,0.110981308411215,0,0.100467289719626,0.788551401869159,0.0105140186915888,0.989485981308411,1,0
"104","Shang'ombo",0.244879786286732,0.212822796081923,0.186108637577916,0.113980409617097,0.0961709706144256,0.068566340160285,0.0774710596616207,0,0,0,0.670525378450579,0,0.00178094390026714,0,0.327693677649154,0,0.945681211041852,0.0543187889581478,0.833481745325022,0.166518254674978,0.146927871772039,0,0.143365983971505,0.709706144256456,0,1,1,0
"105","Shibuyunji",0.266169154228856,0.218905472636816,0.169154228855721,0.126865671641791,0.101990049751244,0.0671641791044776,0.0497512437810945,0.0373134328358209,0,0.0323383084577114,0.0223880597014925,0,0.00248756218905473,0.208955223880597,0.360696517412935,0.335820895522388,0.845771144278607,0.154228855721393,0.370646766169154,0.629353233830846,0.0497512437810945,0,0.114427860696517,0.835820895522388,0.0373134328358209,0.962686567164179,1,0
"106","Shiwamg'andu",0.251557259223766,0.195495927168184,0.172496406324868,0.124101581217058,0.104456157163392,0.0833732630570196,0.0685194058457115,0.884523239099185,0.00095831336847149,0,0,0,0,0.00143747005270724,0.1126018207954,0.000479156684235745,0.903689506468615,0.0963104935313848,0.644465740297077,0.355534259702923,0.265931959750838,0.00095831336847149,0.0737901293723047,0.659319597508385,0.0158121705797796,0.98418782942022,0.992812649736464,0.00718735026353618
"107","Siavonga",0.24622030237581,0.199784017278618,0.182505399568035,0.134989200863931,0.0950323974082073,0.0734341252699784,0.0680345572354212,0.0259179265658747,0.00215982721382289,0,0,0,0,0.11231101511879,0.134989200863931,0.724622030237581,0.838012958963283,0.161987041036717,0.758099352051836,0.241900647948164,0.130669546436285,0,0.107991360691145,0.76133909287257,0.0280777537796976,0.971922246220302,0.996760259179266,0.00323974082073434
"108","Sikongo",0.229454841334418,0.21806346623271,0.170056956875509,0.126118795768918,0.0992676973148902,0.080553295362083,0.0764849471114727,0,0,0,0.516680227827502,0,0.00569568755085435,0,0.477624084621644,0,0.935720097640358,0.064279902359642,0.819365337672905,0.180634662327095,0.0821806346623271,0,0.144833197721725,0.772986167615948,0.00569568755085435,0.994304312449146,0.997558991049634,0.00244100895036615
"109","Sinazongwe",0.259274032708416,0.19744714798564,0.16633426406063,0.130833665735939,0.0993218986836857,0.0769844435580375,0.0698045472676506,0.0299162345432788,0.00159553250897487,0.000797766254487435,0.00638213003589948,0,0.000797766254487435,0.0131631431990427,0.0582369365775828,0.889110490626246,0.852812126047068,0.147187873952932,0.504986039090547,0.495013960909454,0.0670123653769445,0.000797766254487435,0.0933386517750299,0.838851216593538,0.065017949740726,0.934982050259274,0.990027921818907,0.00997207818109294
"110","Sinda",0.245232519237203,0.20475075276012,0.174305787888926,0.129474740715959,0.107393777183004,0.070926731348277,0.0679156908665105,0.00535296085647374,0.000334560053529609,0,0,0,0,0.0598862495817999,0.934426229508197,0,0.874874539979926,0.125125460020074,0.614252258280361,0.385747741719639,0.285045165607226,0.00869856139176982,0.110070257611241,0.596186015389762,0.00635664101706256,0.993643358982937,0.997658079625293,0.00234192037470726
"111","Sioma",0.24780487804878,0.213658536585366,0.188292682926829,0.113170731707317,0.095609756097561,0.0663414634146341,0.0751219512195122,0,0,0,0.681951219512195,0,0,0,0.318048780487805,0,0.959024390243902,0.0409756097560976,0.845853658536585,0.154146341463415,0.146341463414634,0,0.142439024390244,0.711219512195122,0,1,1,0
"112","Solwezi",0.263601855757065,0.211725010544074,0.188106284268241,0.126950653732602,0.0957401940109658,0.0607338675664277,0.0531421341206242,0.130746520455504,0.0113876001687052,0.432307043441586,0.00253057781526782,0.180092787853226,0.041754533951919,0.0126528890763391,0.185575706452973,0.00295234078447912,0.80261493040911,0.19738506959089,0.420497680303669,0.579502319696331,0.0885702235343737,0.00168705187684521,0.114719527625474,0.795023196963307,0.0358498523829608,0.964150147617039,0.984816533108393,0.0151834668916069
"113","Vubwi",0.254278728606357,0.198044009779951,0.160146699266504,0.136919315403423,0.105134474327628,0.0794621026894866,0.0660146699266504,0.00244498777506112,0,0,0,0,0,0.0537897310513447,0.943765281173594,0,0.886308068459658,0.113691931540342,0.671149144254279,0.328850855745721,0.334963325183374,0,0.113691931540342,0.551344743276284,0.00611246943765281,0.993887530562347,0.997555012224939,0.00244498777506112
"114","Zambezi",0.245723172628305,0.182477967858994,0.178330741316744,0.135303265940902,0.115085536547434,0.0803525142560912,0.0627268014515293,0.00673924313115604,0,0.0031104199066874,0.0222913426645931,0.372213582166926,0.48315189217211,0.00362882322446864,0.107827890098497,0.00103680663556247,0.901503369621566,0.0984966303784344,0.696734059097978,0.303265940902022,0.10523587350959,0.00207361327112494,0.101607050285122,0.791083462934163,0.00725764644893727,0.992742353551063,0.996889580093313,0.0031104199066874
"115","Zimba",0.267171956418759,0.209853150165798,0.16816674561819,0.133112269066793,0.0999526290857414,0.0658455708195168,0.0558976788252013,0.00284225485551871,0.000473709142586452,0,0.00236854571293226,0,0.000947418285172904,0.0123164377072477,0.0956892468024633,0.885362387494079,0.891046897205116,0.108953102794884,0.570345807674088,0.429654192325912,0.0232117479867361,0,0.0885836096636665,0.888204642349597,0.0137375651350071,0.986262434864993,0.996684036001895,0.00331596399810516
