OBJECTID,ProvNo,PovName,DistNo,DistName,regular_radio_listener_pct,comm_risk_index,comm_risk_pct,female_literacy_pct,has_no_soap_pct,male_literacy_pct,has_no_drinkwater_pct,has_no_water_handwashing_pct,prox_risk_index,socioecon_risk_index,time_to_water_greater_30_pct,shares_toilet_with_others_pct,WASH_risk_index,Shape__Area,Shape__Length
1,101,CENTRAL,101001,CHIBOMBO,53.1551361083984,1.80364429950714,19.4830207824707,68.5531387329102,53.4480094909668,77.4142608642578,92.2240982055664,64.2485198974609,3.65025234222412,2.85355734825134,20.6527252197266,35.7542762756348,1.74222266674042,0.689784034290739,5.23347026193509
2,101,CENTRAL,101002,CHISAMBA,50.85693359375,1.65979206562042,20.0502166748047,68.6706161499023,55.4600067138672,75.6486206054688,98.0238647460938,66.6783447265625,3.67075204849243,3.02977538108826,26.92333984375,33.5163650512695,2.16985321044922,0.437887310607039,3.77492975898174
3,101,CENTRAL,101003,CHITAMBO,44.854793548584,3.20932841300964,27.8944473266602,57.4095306396484,72.7095489501953,75.8764038085938,97.9650268554688,70.3582992553711,1.84369242191315,3.94705128669739,21.158166885376,22.2779140472412,2.18015789985657,0.995701760361243,9.03629264518757
4,101,CENTRAL,101004,ITEZHI-TEZHI,30.9243335723877,4.41633605957031,35.5328826904297,60.1846733093262,75.6914901733398,74.2761764526367,96.3147277832031,77.8982543945313,3.95593023300171,3.61097121238709,33.4013710021973,45.3405838012695,4.25723314285278,1.32963901707623,7.54756967436064
5,101,CENTRAL,101005,KABWE,63.7746047973633,1.02706027030945,7.56658029556274,82.7084655761719,47.4285049438477,93.1805877685547,64.3190765380859,44.2992630004883,4.58909511566162,1.60604798793793,4.39656019210815,43.5737609863281,1.06507754325867,0.13179567244822,2.16613785518351
6,101,CENTRAL,101006,KAPIRI MPOSHI,52.6083946228027,1.44926881790161,16.4508171081543,68.3081283569336,60.3056907653809,77.7300415039063,94.0565338134766,60.7799491882324,3.11622309684753,2.99283885955811,21.772798538208,32.9966239929199,1.95755839347839,0.812702931076416,6.27938701231023
7,101,CENTRAL,101007,LUANO,40.1100311279297,3.50454449653625,29.7916851043701,55.4658241271973,66.7144622802734,72.5133285522461,98.6559600830078,65.4561233520508,3.85115194320679,3.86841607093811,32.2139930725098,32.1689682006836,2.82383942604065,0.77038900886879,6.14771354823606
8,101,CENTRAL,101008,MKUSHI,53.733528137207,1.12796139717102,15.4561758041382,64.1492767333984,59.3844528198242,78.47509765625,90.6368026733398,57.5120849609375,2.08534717559814,3.18336248397827,20.3920497894287,28.0576438903809,1.63343489170074,0.706889691599315,5.08335843805662
9,101,CENTRAL,101009,MUMBWA,44.4527015686035,2.31938171386719,23.626636505127,67.6331253051758,59.3810157775879,74.5018310546875,92.9935073852539,67.661506652832,3.8199565410614,2.9773313999176,24.032751083374,32.7375640869141,2.21358203887939,1.66116360982559,7.94384431057058
10,101,CENTRAL,101010,NGABWE,39.208366394043,3.10156893730164,27.2034397125244,53.4721641540527,80.2050857543945,74.3510513305664,99.3175811767578,73.8798141479492,1.93556654453278,4.0066442489624,26.5060329437256,32.0162467956543,3.63718867301941,0.602456515725152,5.04604440047884
11,101,CENTRAL,101011,SERENJE,50.4052619934082,2.18969178199768,21.5251941680908,60.5014457702637,58.6561508178711,76.0955429077148,94.5431289672852,56.4211044311523,2.31126880645752,3.66947388648987,20.9386615753174,24.0573825836182,1.46383082866669,0.961318095887918,6.41241265901688
12,101,CENTRAL,105008,SHIBUYUNJI,48.8912582397461,1.65950882434845,20.2399482727051,66.4977874755859,56.4060668945313,70.8338317871094,93.2535781860352,68.4969100952148,4.34234237670898,2.88368105888367,27.4457397460938,38.9900054931641,2.30151534080505,0.145560225985975,2.67178340035278
13,102,COPPERBELT,102001,CHILILABOMBWE,53.5321502685547,1.01873517036438,8.38165760040283,69.5246276855469,65.0117721557617,88.8981399536133,62.2091751098633,55.2247352600098,4.53991556167603,1.72160875797272,9.59989547729492,38.838249206543,1.54842209815979,0.0846633953373441,2.29062299620317
14,102,COPPERBELT,102002,CHINGOLA,60.8277359008789,1.03044176101685,7.95211410522461,75.7790069580078,60.4860305786133,88.8331680297852,64.8097534179688,53.4321708679199,4.652259349823,1.51055991649628,7.16964435577393,42.0663414001465,1.46968412399292,0.143989128082211,3.35174263079529
15,102,COPPERBELT,102003,KALULUSHI,52.3650779724121,1.08179891109467,10.2907886505127,73.6368942260742,60.534725189209,89.5830612182617,73.7485733032227,58.2322273254395,4.46995162963867,1.68499898910522,9.81551647186279,37.1369132995605,1.32333731651306,0.0858178785921382,1.90397508147531
16,102,COPPERBELT,102004,KITWE,59.2156372070313,1.00896227359772,4.22022151947021,84.0859909057617,47.0448455810547,93.2799453735352,42.9575843811035,45.8090744018555,4.89573097229004,1.24147546291351,5.00862979888916,42.4979019165039,1.05020129680634,0.0672008551093484,1.63759583936828
17,102,COPPERBELT,102005,LUANSHYA,49.765380859375,1.02626216411591,8.19969749450684,78.3176651000977,58.9654159545898,90.4514465332031,67.8584442138672,57.088207244873,4.48720216751099,1.62322568893433,9.07615566253662,36.5267715454102,1.31836235523224,0.0772516335745195,1.511083464431
18,102,COPPERBELT,102006,LUFWANYAMA,35.9283447265625,4.31301259994507,35.2894058227539,49.5264358520508,81.0925598144531,73.3079147338867,97.7095108032227,75.8456192016602,2.87994194030762,3.70992088317871,22.2326812744141,30.0805931091309,3.33744192123413,0.94646322906172,6.39928333580884
19,102,COPPERBELT,102007,MASAITI,49.7582855224609,1.3467276096344,17.3418884277344,60.4783897399902,73.9493255615234,79.6400299072266,93.7675857543945,67.0716171264648,3.49234366416931,2.97724270820618,22.5234851837158,28.085412979126,2.50512051582336,0.307049314727777,4.7117829064939
20,102,COPPERBELT,102008,MPONGWE,35.3377799987793,3.20693731307983,27.5741500854492,58.0609397888184,71.8730850219727,77.3987731933594,95.8254699707031,68.3765106201172,2.8140664100647,3.35648918151855,25.8179016113281,29.3486938476563,2.78861093521118,0.695447195176456,7.49855774576522
21,102,COPPERBELT,102009,MUFULIRA,55.4972114562988,1.02572977542877,7.13532829284668,75.6322784423828,66.1028060913086,91.3242034912109,60.7223701477051,53.1468772888184,4.45471525192261,1.53508079051971,8.40346336364746,37.2897300720215,1.34080266952515,0.10580720448192,2.03646598571262
22,102,COPPERBELT,102010,NDOLA,52.1843490600586,1.00741219520569,5.93499994277954,79.4825210571289,49.8570747375488,91.9736557006836,54.8446311950684,51.3381423950195,4.7628870010376,1.2543717622757,7.04744815826416,38.5890769958496,1.1269633769989,0.0794604167849116,1.96305803327053
23,103,EASTERN,103001,CHADIZA,44.0245590209961,2.30142903327942,23.0780944824219,54.6219215393066,64.3511428833008,69.5424728393555,96.5072784423828,71.7896041870117,3.02056264877319,3.70369338989258,25.7134761810303,41.5764503479004,3.15597987174988,0.133898263736285,1.79200651156611
24,103,EASTERN,103002,CHIPATA,56.4055862426758,1.35742199420929,13.4587230682373,67.6243133544922,51.8300132751465,80.7285690307617,74.6978454589844,61.109546661377,3.62269425392151,2.34528708457947,14.2397470474243,39.7733345031738,1.65715682506561,0.140754408078209,2.21100220314873
25,103,EASTERN,103003,KATETE,48.4762229919434,1.7944667339325,20.4151992797852,55.2714729309082,57.5115547180176,69.9333190917969,94.2528762817383,70.9923400878906,3.16374611854553,3.36009860038757,23.1822662353516,44.2326545715332,2.60170745849609,0.206781302924412,3.2403321873615
26,103,EASTERN,103004,LUNDAZI,50.6960029602051,2.69582891464233,23.3119812011719,54.3717613220215,76.2417831420898,77.328857421875,87.6256713867188,75.0468521118164,2.40638470649719,3.20009303092957,26.813232421875,41.6694030761719,3.64456367492676,0.114621620873265,2.34991222754889
27,103,EASTERN,103005,MAMBWE,29.5348777770996,3.83985280990601,31.2682247161865,47.7725868225098,60.6986885070801,75.7896881103516,94.9833221435547,71.0123672485352,3.86014842987061,3.54643821716309,32.2506256103516,41.9400024414063,3.14433336257935,0.479399417264801,4.74412083122958
28,103,EASTERN,103006,NYIMBA,34.928596496582,1.86540222167969,21.2078285217285,49.8069190979004,51.57568359375,66.5515670776367,97.0647811889648,68.7425994873047,4.61476516723633,3.75682830810547,25.7823677062988,39.0773735046387,2.21920204162598,0.88463235900889,5.35975666323288
29,103,EASTERN,103007,PETAUKE,50.7133369445801,1.86064302921295,20.3099365234375,53.2385749816895,41.3642616271973,69.3145141601563,94.4250564575195,68.9074630737305,4.41553640365601,3.41985869407654,21.3953323364258,43.7290992736816,1.78033232688904,0.292190240850175,3.39343689990595
30,103,EASTERN,103008,SINDA,47.6654319763184,1.77236688137054,20.8239974975586,52.25390625,44.0724182128906,67.1659088134766,97.0988311767578,71.0965118408203,3.75004434585571,3.69800186157227,24.3080291748047,43.9873504638672,1.9928994178772,0.219774473806069,2.64988475226838
31,103,EASTERN,103009,VUBWI,30.2445659637451,4.135413646698,33.3885879516602,52.9527282714844,74.0671844482422,72.1580581665039,99.7824783325195,75.9542541503906,3.24477934837341,3.94061350822449,30.4174861907959,36.5084381103516,3.89275598526001,0.0791461535154099,2.04708460948945
32,103,EASTERN,103010,CHASEFU,44.8346786499023,3.47093033790588,29.0801315307617,44.2939109802246,83.7278671264648,73.1793212890625,99.4235305786133,84.1887130737305,3.13100051879883,3.97772002220154,36.3170928955078,41.302806854248,4.87775897979736,0.243202814224361,2.9697634455963
33,103,EASTERN,103011,CHIPANGALI,42.6285018920898,3.60002326965332,29.8252220153809,44.0638656616211,68.1534805297852,68.4084930419922,99.3271408081055,73.9191207885742,2.14514589309692,3.94341635704041,26.8345012664795,38.5303649902344,3.35607266426086,0.223676675109544,2.57242608532122
34,103,EASTERN,103012,KASENENGWA,46.9317359924316,1.94242203235626,21.5409870147705,50.715145111084,47.1087036132813,68.2532196044922,98.6849670410156,68.2457427978516,3.20920705795288,3.81053948402405,24.8361186981201,37.47900390625,1.90037262439728,0.164966423059099,2.81045632048159
35,103,EASTERN,103013,LUMEZI,38.3647041320801,3.73036599159241,30.4976177215576,42.5105857849121,78.644905090332,74.5297622680664,99.4110946655273,78.1968841552734,2.53055715560913,4.06567001342773,34.0125503540039,38.5522994995117,4.43052101135254,0.816688713901499,5.24216503069921
36,103,EASTERN,103014,LUSANGAZI,40.0005340576172,2.83203530311584,26.0151329040527,43.2724380493164,54.3521347045898,68.3913803100586,99.6311950683594,72.2156066894531,2.91982173919678,3.97575926780701,28.9962635040283,39.600471496582,2.77067184448242,0.30824087396212,3.40957346754616
37,104,LUAPULA,104001,CHEMBE,45.9821128845215,1.97830307483673,22.2462196350098,49.4439010620117,77.7578048706055,80.0527420043945,98.7411041259766,74.850944519043,1.68646037578583,3.93591928482056,15.6050157546997,24.1192207336426,2.42812585830688,0.179149995381351,2.47563392143373
38,104,LUAPULA,104002,CHIENGE,57.9785003662109,1.90150439739227,21.4430046081543,45.5830383300781,73.0178909301758,77.0594024658203,95.8443298339844,72.111198425293,1.41116917133331,3.43522500991821,28.8214874267578,29.6720123291016,2.95848226547241,0.311469409502934,2.8304374342368
39,104,LUAPULA,104003,CHIPILI,37.9306793212891,4.31533479690552,33.8349876403809,50.5008354187012,74.4386520385742,77.4689483642578,98.679443359375,74.7720413208008,1.48412477970123,3.97059416770935,18.5706443786621,21.5486240386963,2.23668456077576,0.348316351023158,4.04201727925652
40,104,LUAPULA,104004,KAWAMBWA,51.6546592712402,2.26470184326172,22.0607128143311,56.6311264038086,57.5827903747559,81.0761795043945,91.9872436523438,69.630500793457,2.15668058395386,3.37994074821472,15.9717273712158,22.2546710968018,1.44329476356506,0.659362901534649,5.01631551368797
41,104,LUAPULA,104005,LUNGA,35.9443435668945,3.76773905754089,30.3877067565918,42.6729393005371,65.035285949707,71.7360229492188,97.2883605957031,71.1219024658203,1.77163147926331,4.59278869628906,17.5274810791016,37.6926002502441,2.4167160987854,0.314755373826472,2.53353131996187
42,104,LUAPULA,104006,MANSA,56.7848968505859,1.32239317893982,14.3521814346313,62.9502868652344,64.7975540161133,83.7661056518555,91.2966842651367,63.791088104248,3.2260627746582,2.67540502548218,9.39237117767334,31.8913688659668,1.53311479091644,0.635171496485242,5.25686179624528
43,104,LUAPULA,104007,MILENGE,29.9792556762695,4.48235750198364,36.4521331787109,43.4983406066895,82.2176895141602,67.9968566894531,98.8927917480469,76.2826385498047,2.67203426361084,4.30109739303589,17.1081695556641,26.0578022003174,2.88268661499023,0.503156487113245,4.3175866772467
44,104,LUAPULA,104008,MWANSABOMBWE,55.8165130615234,1.39550888538361,18.1495685577393,51.7455444335938,68.9760818481445,82.4174118041992,94.7582778930664,63.2550735473633,1.81179070472717,3.41443729400635,21.4597949981689,20.9755992889404,1.71175575256348,0.100089266874534,1.70956382404307
45,104,LUAPULA,104009,MWENSE,53.2615089416504,1.64661002159119,20.1887149810791,53.6458778381348,74.0094375610352,80.5599594116211,94.1512680053711,72.9271087646484,1.60145246982574,3.33850836753845,26.1171417236328,26.3634834289551,2.74805808067322,0.198787614510735,3.09346481081757
46,104,LUAPULA,104010,NCHELENGE,59.45751953125,1.69530630111694,19.7457180023193,52.6790237426758,72.8795547485352,79.0424957275391,93.2086868286133,73.0947113037109,1.67815005779266,3.39039540290833,23.9218616485596,26.6176261901855,2.5648021697998,0.336709543096674,3.48319407315884
47,104,LUAPULA,104011,SAMFYA,50.4286956787109,1.83158195018768,20.4839744567871,49.5313949584961,71.4369659423828,79.1277389526367,91.2983627319336,66.9895706176758,2.00261211395264,3.54855918884277,15.6883792877197,29.5704593658447,2.03209924697876,0.272469059102747,3.3621112037414
48,104,LUAPULA,104012,CHIFUNABULI,49.9073600769043,2.29691457748413,23.0744361877441,41.1830635070801,65.7980499267578,76.6011428833008,98.2016143798828,61.5677146911621,1.36003398895264,4.44029092788696,19.4685134887695,26.9812259674072,1.6471095085144,0.253055273922627,2.46138734506558
49,105,LUSAKA,105001,CHILANGA,60.4611930847168,1.09148478507996,8.32819366455078,75.1172637939453,57.2306137084961,88.1433944702148,71.5838775634766,51.6882514953613,4.71103954315186,1.84432220458984,10.3169498443604,46.9502105712891,1.20958161354065,0.114374016561811,2.34983687805235
50,105,LUSAKA,105002,CHIRUNDU,41.9319648742676,2.53870129585266,24.5803718566895,65.1749954223633,73.665168762207,79.0391693115234,77.9706115722656,62.6294746398926,4.68319892883301,2.52263975143433,28.2529449462891,54.9797744750977,2.7118513584137,0.117852846311905,1.99110321222164
51,105,LUSAKA,105003,CHONGWE,60.0092964172363,1.30290746688843,14.7197208404541,74.1530914306641,65.8362884521484,84.8928985595703,79.9813385009766,56.4561614990234,4.15094709396362,2.1050717830658,14.065299987793,37.4988250732422,1.45622372627258,0.205300550478199,2.48053472600064
52,105,LUSAKA,105004,KAFUE,53.5563468933105,1.31628489494324,13.0467195510864,73.1438980102539,54.4949073791504,86.3103408813477,66.6253967285156,55.513973236084,4.23985195159912,1.9122633934021,16.0322532653809,45.1291427612305,1.74606370925903,0.378195643056614,4.58363955315458
53,105,LUSAKA,105005,LUANGWA,27.5710487365723,2.85918998718262,25.9977951049805,54.7586402893066,46.4797248840332,76.3041839599609,90.0729827880859,55.460636138916,4.70409870147705,3.32149362564087,27.8353309631348,46.9998321533203,1.42049419879913,0.327588743148368,3.27341505052089
54,105,LUSAKA,105006,LUSAKA,66.328857421875,1.00003290176392,3.10297679901123,81.2990036010742,45.4540252685547,90.5576477050781,54.3367691040039,47.4664344787598,4.776451587677,1.102459192276,10.1056995391846,57.8101959228516,1.33918833732605,0.0352662388077647,1.04717311888034
55,105,LUSAKA,105007,RUFUNSA,39.7899055480957,2.94723582267761,26.4971580505371,60.6611938476563,60.5644760131836,70.931022644043,97.4012451171875,64.8260726928711,4.28191566467285,3.39569973945618,33.196891784668,32.6295928955078,2.47803330421448,0.798453103070614,4.64899819139169
56,106,MUCHINGA,106001,CHAMA,34.8329925537109,4.17893552780151,33.2373008728027,38.3387603759766,74.8292617797852,74.2550888061523,95.6811904907227,66.8731231689453,3.46441006660461,4.00490236282349,35.0353355407715,37.4560317993164,3.65151762962341,1.43090292634369,8.54503494977465
57,106,MUCHINGA,106002,CHINSALI,49.835880279541,2.32449913024902,23.0971851348877,58.273021697998,76.8520812988281,80.9631958007813,95.8669357299805,71.9097213745117,2.02058339118958,3.3775098323822,19.3408546447754,27.664192199707,2.60352540016174,0.515254788124253,5.22236424961212
58,106,MUCHINGA,106003,ISOKA,50.1444206237793,2.18997669219971,21.8716716766357,58.9792022705078,77.8463592529297,77.0881423950195,94.1722030639648,70.7853775024414,1.93736410140991,3.24501895904541,23.8963947296143,30.6340827941895,2.99463868141174,0.391123849229842,4.7147410552499
59,106,MUCHINGA,106004,MAFINGA,47.3678398132324,2.9122941493988,26.1558074951172,50.3715744018555,87.0513381958008,73.6786270141602,98.3667984008789,68.3944320678711,1.31435906887054,4.15109634399414,29.1871643066406,24.2960243225098,3.41404128074646,0.342165862893239,3.79653022050146
60,106,MUCHINGA,106005,MPIKA,51.496639251709,2.29103136062622,21.2111511230469,63.3954620361328,68.3684005737305,79.3876419067383,90.6664276123047,67.4656600952148,3.15873908996582,2.80359053611755,20.3595008850098,31.9047698974609,2.14977335929871,1.42215847560149,8.89505523887776
61,106,MUCHINGA,106006,NAKONDE,56.9193687438965,2.00324368476868,17.680643081665,60.6517562866211,60.2340965270996,77.7623901367188,95.3262100219727,69.683219909668,1.78159928321838,2.51469349861145,23.054759979248,37.3403396606445,2.45148634910584,0.389687651655322,4.20000451044358
62,106,MUCHINGA,106007,SHIWAN'GANDU,46.2040634155273,3.69279026985168,30.4644660949707,59.7297248840332,82.2340698242188,79.9277801513672,98.3999252319336,73.6418914794922,2.01806592941284,4.01977300643921,19.8536319732666,19.7003345489502,2.58315801620483,0.76115826876449,6.11613103604019
63,106,MUCHINGA,106008,KANCHIBIYA,43.8287696838379,4.25417613983154,34.2232933044434,49.940185546875,68.3895797729492,79.120002746582,99.2278060913086,75.5050430297852,1.42537581920624,4.27660036087036,17.0385112762451,24.2178363800049,2.10979771614075,0.726674464897542,4.74766395329118
64,106,MUCHINGA,106009,LAVUSHIMANDA,39.783317565918,4.42570877075195,34.9778785705566,51.0372657775879,73.9372406005859,72.1850280761719,97.1818695068359,73.0982284545898,3.39829897880554,4.21216583251953,21.9599189758301,26.8395652770996,2.58823657035828,1.17657410810148,8.62970535611838
65,107,NORTHERN,107001,CHILUBI,44.4505958557129,3.67030119895935,30.2099418640137,36.3183097839355,72.9793319702148,75.3151473999023,98.7392044067383,64.8772735595703,1.17246675491333,4.67669439315796,15.7381277084351,28.8006267547607,1.94635653495789,0.427155954556753,3.73977523622268
66,107,NORTHERN,107002,KAPUTA,46.9576530456543,2.73207092285156,25.3275756835938,45.1767234802246,69.6139907836914,78.3446578979492,91.5395126342773,71.73046875,2.43363046646118,3.38031458854675,32.4664688110352,33.7525634765625,3.14321804046631,0.412745764558764,4.78003507504854
67,107,NORTHERN,107003,KASAMA,53.4815368652344,2.33502626419067,21.906623840332,62.8476104736328,64.3229522705078,85.5774688720703,90.3569793701172,68.9643936157227,2.74667072296143,2.9636344909668,13.9808788299561,28.7566833496094,1.71847009658813,0.873546870105258,7.87682588026775
68,107,NORTHERN,107004,LUWINGU,45.976261138916,3.66085171699524,30.3774719238281,51.4879188537598,65.7803726196289,81.0428619384766,96.0731811523438,66.452262878418,1.25786244869232,3.86408138275146,17.5054130554199,17.9254188537598,1.51240611076355,0.404139366495485,5.00302620892601
69,107,NORTHERN,107005,MBALA,52.342830657959,2.28101634979248,22.4842166900635,51.4013595581055,43.8398094177246,75.0762023925781,94.0688247680664,75.6682968139648,2.05900311470032,3.36403679847717,23.9232063293457,26.9580612182617,1.60486888885498,0.275084061442385,3.54755816648565
70,107,NORTHERN,107006,MPOROKOSO,49.1486053466797,2.37555718421936,23.051212310791,56.6321678161621,51.4874687194824,82.6605606079102,91.6872406005859,73.4174346923828,1.67850720882416,3.15729451179504,17.1035118103027,21.341236114502,1.43509113788605,0.344712306066356,4.3217246044777
71,107,NORTHERN,107007,MPULUNGU,46.0321426391602,2.49022006988525,24.0223541259766,52.4152565002441,61.7004432678223,81.71044921875,89.6794662475586,73.3483657836914,1.97422170639038,3.30001306533813,29.2490386962891,27.9831771850586,2.17663836479187,0.82784665263145,5.88068089439692
72,107,NORTHERN,107008,MUNGWI,48.8425064086914,3.15756249427795,27.5009994506836,47.7564888000488,72.4173126220703,80.1301879882813,98.0624313354492,74.4272994995117,1.19813644886017,4.13140249252319,21.4007110595703,21.2425327301025,2.33814477920532,0.804682429909377,5.47421689069482
73,107,NORTHERN,107009,NSAMA,37.865062713623,4.44902038574219,36.4720420837402,39.491626739502,75.0867919921875,75.5387802124023,97.9297180175781,78.4915008544922,2.00863122940063,4.03722095489502,30.7374267578125,31.1246585845947,3.7395007610321,0.61474815878708,5.40843907611766
74,107,NORTHERN,107010,SENGA HILL,49.341438293457,2.99263000488281,26.6588535308838,46.2333908081055,53.3355751037598,80.2175369262695,98.9413986206055,78.320182800293,1.19287896156311,4.07619190216064,27.2909545898438,21.3663063049316,1.98653280735016,0.426738758768806,5.28829224004314
75,107,NORTHERN,107011,LUNTE,45.83203125,3.55536770820618,29.5102291107178,49.2882385253906,65.9478912353516,81.5560684204102,98.4930877685547,74.9609832763672,1.09815692901611,4.14780187606812,20.7678241729736,15.1882514953613,1.67240417003632,0.640631186043123,7.01388416757311
76,107,NORTHERN,107012,LUPOSOSHI,44.0152854919434,4.00974369049072,32.2641677856445,42.6223564147949,73.1119842529297,77.2427749633789,99.0028305053711,66.5684814453125,1.20505797863007,4.50206136703491,18.1607456207275,21.2279014587402,1.76913738250732,0.340196956263043,4.42329865997854
77,108,NORTH-WESTERN,108001,CHAVUMA,18.0834712982178,4.9820613861084,46.6025810241699,61.3083763122559,79.7281723022461,79.0509033203125,95.2453918457031,77.9087219238281,2.5239634513855,3.30240488052368,20.1557655334473,41.4311752319336,3.63345646858215,0.403141038478651,3.71812717964325
78,108,NORTH-WESTERN,108002,IKELENGE,27.5231018066406,4.56077909469604,38.7653541564941,47.5615921020508,79.3093643188477,79.362548828125,98.396614074707,73.636962890625,2.05889534950256,3.86736345291138,31.7687892913818,25.1685886383057,3.50163888931274,0.182254617828846,3.43728513610581
79,108,NORTH-WESTERN,108003,KABOMPO,17.3260459899902,4.83760023117065,44.6047019958496,62.8094177246094,81.9210052490234,81.2326507568359,92.9183959960938,77.1650695800781,3.2687304019928,3.51189589500427,19.0145931243896,34.9584045410156,3.42029619216919,0.594704956545797,4.84450934032779
80,108,NORTH-WESTERN,108004,KASEMPA,23.5041637420654,4.85256862640381,47.8577651977539,59.4910659790039,75.2699966430664,75.2658157348633,92.4352264404297,75.4926681518555,3.11214733123779,3.66955852508545,29.7369613647461,28.394998550415,3.42388725280762,1.82804745967681,8.92904043129017
81,108,NORTH-WESTERN,108005,MANYINGA,15.4985780715942,4.99768543243408,48.6954498291016,60.7939376831055,84.8831253051758,80.1203536987305,98.0600814819336,76.8454132080078,2.5712833404541,3.51493692398071,22.631950378418,31.2875156402588,3.68991708755493,0.618503564088655,5.18710579041759
82,108,NORTH-WESTERN,108006,MUFUMBWE,15.8448219299316,4.96424198150635,49.8850936889648,57.9803161621094,88.3684768676758,76.380729675293,94.1625289916992,76.3609848022461,3.22075581550598,3.69612050056458,26.9981803894043,31.517915725708,3.89154458045959,1.57838982366832,10.4519731344172
83,108,NORTH-WESTERN,108007,MWINILUNGA,17.1009693145752,4.81184720993042,50.9154319763184,48.2647705078125,83.9287490844727,79.1700210571289,90.5353698730469,79.196647644043,2.55897760391235,3.55066680908203,25.7070846557617,31.1945781707764,3.45255637168884,1.55332886968841,10.8822513233208
84,108,NORTH-WESTERN,108008,SOLWEZI,40.1284675598145,1.25991559028625,10.9453706741333,73.7687377929688,63.9095230102539,88.4659805297852,63.4081115722656,58.3185348510742,4.09693956375122,1.68076455593109,9.94265842437744,39.6792068481445,1.6001889705658,0.277577413619497,3.66575191063148
85,108,NORTH-WESTERN,108009,ZAMBEZI,18.4786911010742,4.75002956390381,44.1238594055176,61.5489616394043,83.3214340209961,79.0330276489258,91.3687896728516,76.9587020874023,3.06955933570862,3.51938152313232,18.7113437652588,41.467845916748,3.64853072166443,1.16705491930804,7.49450388507944
86,108,NORTH-WESTERN,108010,KALUMBILA,18.7584762573242,4.80830383300781,54.7931747436523,53.0958557128906,81.4545288085938,74.3660659790039,95.0938339233398,76.2022933959961,3.16546821594238,3.40153694152832,26.5429801940918,33.1456832885742,3.63972115516663,1.36581257333674,8.00392153384675
87,108,NORTH-WESTERN,108011,MUSHINDAMO,26.8948650360107,4.80858325958252,49.9644660949707,51.8418159484863,78.5664138793945,67.6230773925781,96.6408081054688,76.2084503173828,3.14959383010864,3.67897319793701,21.7781867980957,32.8994064331055,3.27010583877563,0.868283818967655,8.58082869373814
88,109,SOUTHERN,109001,CHIKANKATA,48.3913879394531,1.40477025508881,18.9810256958008,68.9416732788086,65.9605865478516,76.0656661987305,94.7702789306641,71.5546112060547,3.77529525756836,2.97097706794739,33.9453620910645,43.6596145629883,3.54857087135315,0.227087132291047,2.79591768475201
89,109,SOUTHERN,109002,CHOMA,51.4308166503906,3.66420078277588,30.2026672363281,69.836311340332,65.1438293457031,79.9510269165039,88.2536315917969,75.0560150146484,3.8803825378418,2.63251113891602,24.6712493896484,44.4815330505371,3.14058470726013,0.439473641639154,4.584516740804
90,109,SOUTHERN,109003,GWEMBE,23.2574920654297,3.90129518508911,31.7242565155029,52.3583564758301,74.1828308105469,76.2069931030273,97.0329895019531,80.4711837768555,3.79319214820862,3.63502049446106,34.6906204223633,49.6831893920898,4.53768825531006,0.339047620678002,2.86748741480042
91,109,SOUTHERN,109004,KALOMO,49.8537750244141,3.8006808757782,31.0519275665283,68.7027969360352,72.5201263427734,78.0545196533203,95.7940139770508,82.1011352539063,4.56236553192139,2.9729106426239,34.2217712402344,47.1503791809082,4.30488586425781,0.710931928510661,5.39101957321414
92,109,SOUTHERN,109005,KAZUNGULA,30.8825073242188,3.74516034126282,31.1607360839844,63.5957794189453,65.4049072265625,77.7784576416016,92.8461837768555,75.6015167236328,4.56629228591919,3.30709934234619,33.7135581970215,50.0576515197754,3.76296710968018,1.53127335259302,9.38028385112852
93,109,SOUTHERN,109006,LIVINGSTONE,56.5567359924316,1.1830757856369,8.75297832489014,82.3836135864258,50.4115791320801,90.8793792724609,31.7611083984375,47.0069770812988,3.1559112071991,1.2652086019516,6.66113424301147,47.0325317382813,1.07778263092041,0.0587156642485809,1.41420596644341
94,109,SOUTHERN,109007,MAZABUKA,57.0613327026367,1.5342458486557,17.0010604858398,72.6522521972656,64.8835296630859,80.4241714477539,81.5193710327148,69.639289855957,4.16577768325806,2.38866019248962,22.9817905426025,51.4061393737793,3.08236694335938,0.339624964267671,3.72564447467513
95,109,SOUTHERN,109008,MONZE,51.323543548584,1.88488352298737,19.8633079528809,72.3328094482422,78.5286331176758,78.115478515625,94.0525741577148,77.8087463378906,3.96166515350342,2.75922346115112,27.3329887390137,49.1992378234863,3.96972441673279,0.404667478326104,3.40114107465384
96,109,SOUTHERN,109009,NAMWALA,42.1232414245605,3.68295335769653,30.3087120056152,66.3560943603516,80.7718658447266,74.7673721313477,96.9055480957031,81.6790466308594,3.50707316398621,3.35536050796509,36.8860702514648,47.2010078430176,4.63996648788452,0.479855080906361,3.77894550181533
97,109,SOUTHERN,109010,PEMBA,46.5767440795898,2.17303252220154,22.7588653564453,66.4876403808594,74.1236419677734,76.6474533081055,97.884391784668,79.4407043457031,3.36459970474243,3.06474256515503,31.1826152801514,38.9985771179199,4.12329959869385,0.15810976369508,2.38988646208953
98,109,SOUTHERN,109011,SIAVONGA,34.9747200012207,2.83784055709839,24.4909744262695,57.4136657714844,73.2193603515625,78.2108459472656,79.9019393920898,72.430908203125,4.4945273399353,2.96418499946594,31.2914600372314,50.4059410095215,3.36147284507751,0.216376556272962,2.43728196784669
99,109,SOUTHERN,109012,SINAZONGWE,27.2647113800049,4.29891300201416,35.6598129272461,53.4522895812988,66.5135498046875,77.6501846313477,91.9169235229492,77.9987258911133,3.68336009979248,3.26331520080566,32.208137512207,50.9349517822266,3.98950147628784,0.410746855778513,3.62928029522786
100,109,SOUTHERN,109013,ZIMBA,44.3659896850586,3.8566153049469,31.274866104126,65.8665084838867,72.0956268310547,78.6107406616211,95.2930603027344,81.5174789428711,4.21068811416626,3.19979071617126,35.4226188659668,46.8683395385742,4.45439004898071,0.464135990044412,4.65876138277638
101,110,WESTERN,110001,KALABO,23.556245803833,4.77030897140503,44.7384452819824,58.203125,68.3083343505859,73.9499282836914,96.5161285400391,72.7300338745117,4.43089771270752,3.74411964416504,27.0650787353516,65.2930603027344,4.27579498291016,0.762361410361592,7.16794099535378
102,110,WESTERN,110002,KAOMA,25.7881107330322,3.95023703575134,35.6735420227051,62.9665222167969,73.7968521118164,81.089599609375,89.8673858642578,70.4283065795898,3.46300864219666,3.21064138412476,23.3205680847168,43.7863121032715,3.35364317893982,0.754313572083561,6.07525694905079
103,110,WESTERN,110003,LIMULUNGA,23.9638347625732,4.73150777816772,45.1473388671875,57.6370658874512,57.578987121582,76.1795272827148,95.2778472900391,68.8397674560547,3.6565899848938,3.60901212692261,22.6518306732178,59.1938858032227,3.20248079299927,0.329913997056281,3.15259734220384
104,110,WESTERN,110004,LUAMPA,16.1583786010742,4.95355033874512,44.5212478637695,56.9273834228516,77.6476898193359,78.1714324951172,99.1027145385742,77.6167526245117,3.72521781921387,3.7944962978363,24.1000747680664,53.2643394470215,4.3903660774231,0.863528650979305,5.45146034546628
105,110,WESTERN,110005,LUKULU,19.625358581543,4.76379537582397,45.4309387207031,57.2191886901855,79.1070098876953,78.5247421264648,95.0999069213867,75.2134094238281,3.88478016853333,3.80324482917786,25.5280494689941,52.2762718200684,4.20564079284668,0.788323515366955,6.2759734204066
106,110,WESTERN,110006,MITETE,18.895866394043,4.97477960586548,48.5998458862305,51.7067642211914,75.4182739257813,70.1019134521484,99.2955551147461,77.6577911376953,3.50912928581238,4.36782169342041,19.6364650726318,62.5172386169434,4.51144981384277,0.535284132724598,5.20293000469026
107,110,WESTERN,110007,MONGU,38.3786582946777,3.07017350196838,29.3133811950684,70.2041397094727,53.9149627685547,79.3783264160156,78.9052810668945,56.3061943054199,3.85587453842163,2.78892993927002,17.7124252319336,56.9046096801758,2.36371874809265,0.505508710588174,3.85719762496317
108,110,WESTERN,110008,MULOBEZI,21.2418117523193,4.94067335128784,44.9322242736816,56.9292945861816,56.919075012207,76.4868240356445,97.8775863647461,61.8505897521973,4.29900646209717,4.14478445053101,34.3679313659668,57.2490310668945,3.51882457733154,1.03011345273373,6.40168078537066
109,110,WESTERN,110009,MWANDI,27.6396217346191,4.64829683303833,38.4885940551758,60.1928825378418,56.471508026123,75.1433486938477,86.4436874389648,55.4268455505371,4.21882295608521,3.48067831993103,34.3891067504883,57.4914360046387,2.45796847343445,0.493245386686539,4.03558741929247
110,110,WESTERN,110010,NALOLO,22.9862098693848,4.66490745544434,41.322681427002,56.7886581420898,55.8301696777344,73.7378234863281,97.9334335327148,67.3438339233398,3.98543190956116,4.00597763061523,26.9514045715332,67.2394027709961,3.74013209342957,0.401763202953589,3.7779612334216
111,110,WESTERN,110011,NKEYEMA,26.3656826019287,3.57391691207886,29.7022228240967,66.434196472168,81.0608367919922,79.8416519165039,97.8796310424805,78.2573699951172,3.35607814788818,3.22346329689026,28.1945667266846,33.9577674865723,4.02643442153931,0.316987997950804,2.75131149950509
112,110,WESTERN,110012,SENANGA,23.7881526947021,4.6954288482666,42.4838027954102,61.6230392456055,50.0288238525391,76.0061111450195,95.3878707885742,55.8793563842773,4.15911769866943,3.94695281982422,30.219762802124,66.6216506958008,3.17461371421814,0.900092158701625,5.966359442541
113,110,WESTERN,110013,SESHEKE,33.3098220825195,4.00548553466797,35.5885772705078,63.8598213195801,40.2530860900879,78.7273635864258,80.8996505737305,53.5639610290527,4.39619731903076,3.16463494300842,32.6417846679688,58.8433685302734,1.87953674793243,0.99938827604808,5.8778960048238
114,110,WESTERN,110014,SHANGOMBO,12.7307653427124,4.9980206489563,59.8391609191895,45.3885192871094,61.496753692627,71.4132843017578,98.8632583618164,54.2881698608398,4.43018436431885,4.69979810714722,28.972339630127,71.4744338989258,3.79938697814941,0.657491272497538,6.10495982576814
115,110,WESTERN,110015,SIKONGO,14.0647134780884,4.99531984329224,57.2180480957031,49.4267158508301,75.9858551025391,70.0695190429688,99.0452423095703,69.9295043945313,4.08441162109375,4.65710783004761,26.6638889312744,72.5932846069336,4.67310857772827,0.680418799681803,5.79039813643467
116,110,WESTERN,110016,SIOMA,20.1061573028564,4.96995973587036,53.3901100158691,54.4153518676758,51.9935455322266,73.6935043334961,97.5841827392578,52.8579216003418,3.91035509109497,4.30556583404541,31.4053764343262,68.9000091552734,3.16958618164063,0.720243829684989,5.14006903160307
